,Produto_ID,Estoque_Minimo
0,1,662.7166056518618
1,2,2560.655788918228
2,3,1771.909592244408
3,4,637.3795219652253
4,5,613.7138490402668
5,6,2562.2221862207857
6,7,1306.4025440441767
7,8,1007.8702055996092
8,9,1751.0321195635206
9,10,256.8471826120752
