,ID_Produto,Sugestao_Compra
0,1,355.89124391606435
1,2,1480.601084502715
2,3,1321.9185616175673
3,4,431.17941405306186
4,5,334.07650950887717
5,6,1824.051665986482
6,7,831.7206965220986
7,8,678.1065899339894
8,9,1134.0256277192034
9,10,187.8471826120752
